{
  "@microsoft/generator-sharepoint": {
    "plusBeta": false,
    "isCreatingSolution": true,
    "nodeVersion": "18.17.1",
    "sdksVersions": {
      "@microsoft/microsoft-graph-client": "3.0.2",
      "@microsoft/teams-js": "2.12.0"
    },
    "version": "1.19.0",
    "libraryName": "rfc-on-boarding",
    "libraryId": "80181ea5-84c7-4a6c-8a9b-dd71699d10f0",
    "environment": "spo",
    "packageManager": "npm",
    "solutionName": "RFCOnBoarding",
    "solutionShortDescription": "RFCOnBoarding description",
    "skipFeatureDeployment": true,
    "isDomainIsolated": false,
    "componentType": "webpart"
  }
}
